ID	Langname	AV	JV
FSPH	PH Wien		
FSKPH	KPH Wien		
FS1_9	HBLA Tulln		
FS3_12	HTL Rennweg		
SB	Supplierbereitschaft	Supplierbereitschaft	
SPR	Sprechstunde	Sprechstunde	
1AHKUI	HL f. Art and Design - Interior- und Surface Design	Pramel	SGC
1AHMNA	HL f. Medien - Animation	Pramel	BAB
1AHMNG	HL f. Medien - Gamedesign	Pramel	LJK
2AHKUI	HL f. Art and Design - Interior- und Surface Design	Pramel	KAS
2AHMNA	HL f. Medien - Animation	Pramel	SL
2AHMNG	HL f. Medien - Gamedesign	Pramel	MEA
3AHKUI	HL f. Art and Design - Interior- und Surface Design	Pramel	TOM
3AHMNA	HL f. Medien - Animation	Pramel	FER
3AHMNG	HL f. Medien - Gamedesign	Pramel	HAG
4AHKUI	HL f. Art and Design - Interior- und Surface Design	Pramel	KDC
4AHMNA	HL f. Medien - Animation	Pramel	SM
4AHMNG	HL f. Medien - Gamedesign	Pramel	KSR
5AHKUI	HL f. Art and Design - Interior- und Surface Design	Pramel	KDC
5AHMNA	HL f. Medien - Animation	Pramel	JAD
5AHMNG	HL f. Medien - Gamedesign	Pramel	LUP
1AKDIS	Kolleg für Design Interior- und Surface	Pramel	STK
2AKDIS	Kolleg für Design Interior- und Surface	Pramel	STK
3AKKUX	Kolleg für Interior- und Surface-Design (Textildesign)	Pramel	STK
4AKKUX	Kolleg für Interior- und Surface-Design (Textildesign)	Pramel	STK
1AO	Übergangsstufe	Zlabinger	KRB
1AHWIT	HL f. Wirtschaftsingenieurwesen - Technisches Management	Zlabinger	NI
1BHWIT	HL f. Wirtschaftsingenieurwesen - Technisches Management	Zlabinger	BLJ
1CHWIT	HL f. Wirtschaftsingenieurwesen - Technisches Management	Zlabinger	ZIM
2AHWIT	HL f. Wirtschaftsingenieurwesen - Technisches Management	Zlabinger	GRB
2BHWIT	HL f. Wirtschaftsingenieurwesen - Technisches Management	Zlabinger	GRM
3AHWIT	HL f. Wirtschaftsingenieurwesen - Technisches Management	Zlabinger	BI
3BHWIT	HL f. Wirtschaftsingenieurwesen - Technisches Management	Zlabinger	SED
4AHWIT	HL f. Wirtschaftsingenieurwesen - Technisches Management	Zlabinger	FM
4BHWIT	HL f. Wirtschaftsingenieurwesen - Technisches Management	Zlabinger	BZ
5AHWIT	HL f. Wirtschaftsingenieurwesen - Technisches Management	Zlabinger	SO
5BHWIT	HL f. Wirtschaftsingenieurwesen - Technisches Management	Zlabinger	STM
1AAIF	Aufbaulehrgang f. Informatik - Tag	Berger	PT
1BAIF	Aufbaulehrgang f. Informatik - Tag	Berger	AT
1AKIF	Kolleg f. Informatik - Tag	Berger	GT
1BKIF	Kolleg f. Informatik - Tag	Berger	GT
2AAIF	Aufbaulehrgang f. Informatik - Tag	Berger	PT
2BAIF	Aufbaulehrgang f. Informatik - Tag	Berger	AT
2AKIF	Kolleg f. Informatik - Tag	Berger	GT
2BKIF	Kolleg f. Informatik - Tag	Berger	GT
2EVIF	Vorbereitungslehrgang f. Informatik - Tag	Berger	AT
3AAIF	Aufbaulehrgang f. Informatik - Tag	Berger	AT
3AKIF	Kolleg f. Informatik - Tag	Berger	HIK
4AAIF	Aufbaulehrgang f. Informatik - Tag	Berger	AT
4AKIF	Kolleg f. Informatik - Tag	Berger	HIK
1AFITN	FS f. Informationstechnik	Hesina	NAI
2AFITN	FS f. Informationstechnik	Hesina	TK
3AFITM	FS f. Informationstechnik	Hesina	BOB
3AFITN	FS f. Informationstechnik	Hesina	BOB
4AFID	FS f. Informationstechnik	Hesina	NWV
1AHBGM	HL f. Biomedizin- und Gesundheitstechnik - Medizininformatik	Hesina	BW
1BHBGM	HL f. Biomedizin- und Gesundheitstechnik - Medizininformatik	Hesina	CAM
2AHBGM	HL f. Biomedizin- und Gesundheitstechnik - Medizininformatik	Hesina	SF
2BHBGM	HL f. Biomedizin- und Gesundheitstechnik - Medizininformatik	Hesina	RR
3AHBGM	HL f. Biomedizin- und Gesundheitstechnik - Medizininformatik	Hesina	JEL
3BHBGM	HL f. Biomedizin- und Gesundheitstechnik - Medizininformatik	Hesina	ZEP
4AHBGM	HL f. Biomedizin- und Gesundheitstechnik - Medizininformatik	Hesina	PIR
5AHBGM	HL f. Biomedizin- und Gesundheitstechnik - Medizininformatik	Hesina	HEB
1AHIF	HL f. Informatik	Jelinek	SWA
1BHIF	HL f. Informatik	Jelinek	HOV
1CHIF	HL f. Informatik	Jelinek	MIP
1DHIF	HL f. Informatik	Jelinek	RX
1EHIF	HL f. Informatik - Englisch als Arbeitssprache	Jelinek	SK
2AHIF	HL f. Informatik	Jelinek	GC
2BHIF	HL f. Informatik	Jelinek	BES
2CHIF	HL f. Informatik	Jelinek	MAY
2DHIF	HL f. Informatik	Jelinek	LEV
2EHIF	HL f. Informatik - Englisch als Arbeitssprache	Jelinek	LAD
3AHIF	HL f. Informatik	Jelinek	TSI
3BHIF	HL f. Informatik	Jelinek	SIL
3CHIF	HL f. Informatik	Jelinek	TT
3EHIF	HL f. Informatik - Englisch als Arbeitssprache	Jelinek	PK
4AHIF	HL f. Informatik	Jelinek	SO
4BHIF	HL f. Informatik	Jelinek	ROG
4CHIF	HL f. Informatik	Jelinek	BOM
4EHIF	HL f. Informatik - Englisch als Arbeitssprache	Jelinek	KRB
5AHIF	HL f. Informatik	Jelinek	KY
5BHIF	HL f. Informatik	Jelinek	PC
5CHIF	HL f. Informatik	Jelinek	LC
5EHIF	HL f. Informatik - Englisch als Arbeitssprache	Jelinek	ZUM
1AVIF	Vorbereitungslehrgang f. Informatik - Abend	Berger	SW
1BVIF	Vorbereitungslehrgang f. Informatik - Abend	Berger	LEV
1CVIF	Vorbereitungslehrgang f. Informatik - Abend	Berger	KOL
1DVIF	Vorbereitungslehrgang f. Informatik - Abend	Berger	EN
2AVIF	Vorbereitungslehrgang f. Informatik - Abend	Berger	SW
2BVIF	Vorbereitungslehrgang f. Informatik - Abend	Berger	LEV
2CVIF	Vorbereitungslehrgang f. Informatik - Abend	Berger	KOL
2DVIF	Vorbereitungslehrgang f. Informatik - Abend	Berger	EN
1ABIF	Kolleg f. Informatik - Abend	Berger	GT
1BBIF	Aufbaulehrgang f. Informatik - Abend	Berger	STH
2ABIF	Kolleg f. Informatik - Abend	Berger	GT
2BBIF	Aufbaulehrgang f. Informatik - Abend	Berger	STH
3ABIF	Kolleg f. Informatik - Abend	Berger	GT
3BBIF	Aufbaulehrgang f. Informatik - Abend	Berger	SB
4ABIF	Kolleg f. Informatik - Abend	Berger	GT
4BBIF	Aufbaulehrgang f. Informatik - Abend	Berger	SB
5ABIF	Kolleg f. Informatik - Abend	Berger	LIC
5BBIF	Aufbaulehrgang f. Informatik - Abend	Berger	LIC
5CBIF	Aufbaulehrgang f. Informatik - Abend	Berger	LIC
6ABIF	Kolleg f. Informatik - Abend	Berger	LIC
6BBIF	Aufbaulehrgang f. Informatik - Abend	Berger	LIC
6CBIF	Aufbaulehrgang f. Informatik - Abend	Berger	LIC
1ABKMA	Kolleg für Medien - Animation	Pramel	BIN
2ABKMA	Kolleg für Medien - Animation	Pramel	BIN
3ABKUF	Kolleg für Design - Fine Art Photography and Multimedia Arts - Medien	Pramel	BIN
4ABKUF	Kolleg für Design - Fine Art Photography and Multimedia Arts - Medien	Pramel	BIN
5ABKUF	Kolleg für Design - Fine Art Photography and Multimedia Arts - Medien	Pramel	BIN
6ABKUF	Kolleg für Design - Fine Art Photography and Multimedia Arts - Medien	Pramel	BIN
